title,skills
"(Jr.) Program Manager, Program Management, FreeWheel, Remote (Jr. audit readiness, information security))","communication, excel, risk management, leadership, scala, git, monitoring, sales, rust, aws, collaboration"
AI Training for Travel,"sales, communication, git, rust, excel, sql, collaboration, machine learning, seo, aws, java"
AWS Cloud Data Architect,"aws, azure, communication, excel, git, sql, sales, scala, leadership, agile, java, sql, communication, aws, excel, azure, data modeling, git, python, scala, leadership, agile"
AWS Developer,"sql, java, git, excel, communication, agile, react, scala, aws, python, html"
Account Manager (Digital Ad Agency),"git, social media, digital marketing, sales, communication, seo, excel, leadership, collaboration, email marketing, project management"
Account Manager – IT,"communication, leadership, excel, sales, git, scala, collaboration, project management, rust, sql, agile"
"Accountant (part-time, work from home)","accounting, excel, communication, financial reporting, rust, sales, interpersonal, aws, written communication, leadership, forecasting"
Accounts Payable Specialist,"accounting, excel, communication, sales, aws, interpersonal, oracle, git, onboarding, rust, problem solving"
Accounts Receivable Specialist I,"accounting, excel, communication, sales, leadership, interpersonal, written communication, scala, git, monitoring, aws"
Associate GIS Analyst,"excel, communication, sql, python, git, leadership, monitoring, collaboration, sales, project management, aws"
Back End Developer,"java, sql, git, communication, html, excel, react, php, scala, angular, aws"
Bubble.io Developer - USA,"sales, git, communication, java, excel, leadership, aws, sql, scala, rust, react"
Business Analyst (Remote),"sql, excel, rust, communication, power bi, git, azure, java, oracle, collaboration, agile"
Business Analyst *REMOTE*,"excel, communication, sql, agile, collaboration, sales, project management, rust, leadership, tableau, git"
Care Coordinator,"communication, excel, sales, project management, social media, interpersonal, git, leadership, collaboration, monitoring, recruitment"
Cash Customer Operations Program Manager,"rust, sql, git, communication, java, excel, collaboration, express, agile, azure, python"
Chartered Financial Analyst (CFA) Tutor,"excel, accounting, communication, forecasting, risk management, financial planning, financial analysis, leadership, sales, budgeting, rust"
Chief Data Officer,"leadership, communication, excel, git, collaboration, sql, sales, aws, rust, scala, agile"
Civil Engineer,"communication, excel, project management, leadership, valuation, interpersonal, rust, teamwork, collaboration, monitoring, aws"
Client Services Administrator,"sales, sql, communication, excel, monitoring, azure, scala, aws, oracle, git, collaboration"
Commercial Business Development Manager,"sales, excel, communication, leadership, accounting, git, rust, prospecting, project management, collaboration, negotiation"
Compensation Analyst,"excel, communication, sales, sql, market research, leadership, git, rust, valuation, collaboration, risk management"
Content Writer,"communication, excel, seo, git, social media, collaboration, project management, digital marketing, written communication, leadership, rust"
Customer Happiness Specialist,"excel, communication, sales, git, sql, collaboration, scala, onboarding, monitoring, project management, agile"
Cybersecurity Engineer,"risk management, excel, communication, git, monitoring, rust, leadership, scala, aws, collaboration, interpersonal"
Data Analyst,"excel, sql, communication, oracle, leadership, git, sales, project management, agile, rust, collaboration"
Data Analyst (Remote Opportunity),"sql, excel, communication, scala, git, oracle, agile, leadership, azure, monitoring, collaboration, sql, excel, communication, power bi, tableau, sales, python, git, rust, agile, risk management"
Data Application Specialist,"sales, communication, excel, aws, git, leadership, rust, collaboration, risk management, accounting, scala"
Data Architect,"sql, azure, aws, excel, communication, scala, data modeling, leadership, python, agile, tableau"
Data Enterprise Architect,"sql, azure, communication, excel, leadership, sales, git, aws, scala, agile, collaboration"
Director of Security Operations and Infrastructure,"risk management, leadership, communication, excel, aws, rust, git, monitoring, scala, collaboration, recruitment"
ERP Consultant,"oracle, sales, excel, communication, sql, accounting, leadership, collaboration, project management, git, scala"
ETL Tester,"communication, excel, leadership, sales, git, sql, oracle, scala, monitoring, aws, collaboration"
Ecommerce Product Manager,"sales, communication, excel, git, agile, leadership, collaboration, aws, project management, rust, scrum"
Embedded Firmware Engineer,"communication, excel, git, python, embedded systems, iot, agile, collaboration, aws, sql, scala"
Embedded Software Engineer,"communication, git, excel, aws, python, embedded systems, leadership, collaboration, iot, express, agile"
Entry Level Data Engineer,"sql, aws, scala, azure, python, excel, git, communication, machine learning, java, agile"
Field HR Business Partner-Company Operations (Hybrid),"leadership, excel, communication, employee relations, performance management, aws, rust, recruitment, sales, git, employee engagement"
Financial Services Specialist [REMOTE/PART-TIME],"excel, sales, communication, accounting, financial planning, git, rust, leadership, interpersonal, risk management, collaboration"
Forensic Psychologist - Remote – full-time position,"valuation, communication, excel, collaboration, interpersonal, empathy, leadership, aws, rust, git, express"
Fuels Engineer (Hybrid/ Remote),"sales, excel, communication, express, git, monitoring, rust, valuation, sql, agile, collaboration"
Functional Dynamics CRM Contractor,"sales, communication, excel, java, sql, git, agile, azure, collaboration, scala, leadership"
Genesys Cloud Support Engineer,"azure, aws, git, sql, excel, devops, scala, sales, communication, monitoring, java"
Graduate Engineer,"excel, sales, communication, leadership, project management, monitoring, interpersonal, git, collaboration, aws, agile"
HRIS Analyst,"excel, sql, communication, sales, agile, leadership, git, collaboration, project management, monitoring, scala"
Healthcare Data Scientist,"machine learning, sql, python, excel, statistics, communication, git, aws, scala, data visualization, collaboration"
Healthcare IT Software Architect,"git, azure, sales, communication, excel, aws, sql, leadership, scala, collaboration, agile, azure, sql, communication, excel, git, aws, scala, java, leadership, sales, agile"
Helpdesk Technician I,"excel, communication, sql, scala, sales, monitoring, customer support, git, aws, collaboration, leadership, excel, communication, scala, monitoring, sales, sql, leadership, customer support, git, collaboration, aws"
Human Resource Lead - Remote & Haiti,"employee relations, excel, aws, communication, recruitment, performance management, leadership, conflict resolution, interpersonal, onboarding, rust"
Human Resources Generalist,"recruitment, excel, communication, employee relations, onboarding, aws, leadership, performance management, sales, interpersonal, employee engagement"
IDMS Active Directory (AD) Engineer,"communication, excel, sql, azure, scala, git, sales, collaboration, aws, agile, monitoring"
IOS Developer for Mobile App,"react, java, git, communication, sql, excel, sales, agile, html, aws, collaboration"
IT Analyst,"excel, risk management, communication, sql, accounting, rust, monitoring, scala, aws, collaboration, express"
IT Business Analyst - Supply Chain Domain,"sql, excel, communication, agile, sales, project management, git, collaboration, rust, power bi, leadership"
IT Programmer Analyst (FT) Remote Position,"sql, java, excel, communication, git, python, oracle, leadership, html, agile, aws"
Incident Response Analyst Tier 2 (Hybrid),"risk management, excel, communication, monitoring, rust, leadership, git, azure, aws, sql, scala"
Informatica MDM Developer,"sql, excel, java, oracle, communication, git, azure, agile, scala, aws, collaboration"
Infrastructure Architect,"azure, communication, excel, aws, sql, git, scala, leadership, sales, collaboration, devops"
Java/J2EE Developer,"java, html, react, sql, git, excel, communication, scala, angular, user experience, aws"
JavaScript Developer,"java, php, sql, html, communication, git, excel, seo, user experience, collaboration, react"
Lead UI/UX Designer - USA,"git, excel, user experience, communication, java, html, react, graphic design, collaboration, photoshop, agile"
Loan Opener - Wholesale,"excel, communication, sales, accounting, rust, aws, git, valuation, leadership, risk management, interpersonal"
"Manager, Brand Research","sales, communication, git, social media, excel, digital marketing, leadership, collaboration, project management, seo, market research"
Manager-Information Systems,"excel, communication, leadership, git, sql, sales, project management, collaboration, aws, risk management, monitoring"
Marketing Specialist,"seo, git, digital marketing, communication, excel, social media, google analytics, sales, collaboration, html, content marketing"
Member Support Specialist,"git, digital marketing, social media, seo, communication, excel, sales, email marketing, google analytics, collaboration, content marketing"
Network Security Engineer,"communication, excel, git, risk management, azure, aws, sales, sql, leadership, rust, monitoring, communication, monitoring, excel, scala, azure, git, aws, collaboration, python, leadership, sql, communication, monitoring, aws, excel, git, scala, azure, leadership, rust, python, collaboration"
"Network and Computer Systems Administrator, Jr","monitoring, communication, excel, sql, aws, oracle, azure, scala, git, python, collaboration, monitoring, communication, excel, azure, scala, aws, sql, collaboration, oracle, rust, leadership, sales, excel, communication, sql, oracle, monitoring, scala, azure, aws, git, collaboration"
"Operations Engineer, Robotics","excel, communication, project management, sales, leadership, git, valuation, collaboration, interpersonal, monitoring, negotiation"
Oracle Database Administrator|| (W2 only) || 12 hours REMOTE shift job.,"sql, oracle, monitoring, excel, aws, communication, azure, sales, mysql, scala, git"
Payroll Administrator,"excel, communication, accounting, onboarding, aws, sql, recruitment, leadership, monitoring, interpersonal, time management"
Penetration Tester - DOD - National Capitol Region,"communication, excel, git, python, leadership, sql, risk management, monitoring, aws, collaboration, rust"
PeopleSoft Developer,"oracle, communication, excel, git, sql, java, react, agile, aws, user experience, scala"
Policy Analyst II,"excel, communication, machine learning, sql, git, statistics, leadership, azure, python, collaboration, aws"
Principal Enterprise Strategist,"git, communication, excel, social media, sales, rust, agile, leadership, collaboration, digital marketing, seo"
Principal Quality Assurance Engineer,"communication, excel, sql, agile, git, java, collaboration, leadership, scala, aws, rust"
Process Safety Engineer,"sales, excel, communication, iot, monitoring, collaboration, leadership, project management, valuation, git, interpersonal"
Product Development - Software Engineer IV,"excel, communication, git, agile, sql, leadership, java, scala, project management, collaboration, react"
Product Marketing Manager (Remote),"git, sales, social media, communication, digital marketing, excel, seo, leadership, collaboration, project management, email marketing"
"Program Manager, Risk","risk management, excel, communication, leadership, sales, monitoring, rust, git, scala, project management, aws"
Programmer Analyst,"sql, excel, communication, git, agile, sales, leadership, java, aws, scala, collaboration"
Project Manager,"project management, communication, excel, leadership, agile, git, sales, collaboration, risk management, scala, rust"
Real Estate Social Media Content & Engagement Manager,"social media, git, digital marketing, communication, excel, sales, seo, collaboration, leadership, interpersonal, graphic design"
Recruiter,"recruitment, excel, communication, rust, onboarding, git, sales, leadership, interpersonal, aws, social media, recruitment, excel, communication, sales, git, onboarding, collaboration, leadership, interpersonal, scala, aws"
Remote Clinical Psychologist - Pediatrics,"valuation, excel, communication, leadership, interpersonal, collaboration, empathy, rust, aws, git, written communication"
Remote Environmental Consultant,"excel, communication, sales, rust, leadership, project management, git, collaboration, valuation, aws, monitoring"
Remote Inside Sales,"sales, communication, excel, git, leadership, interpersonal, negotiation, collaboration, prospecting, cold calling, rust"
Rittal Automation System Service & Application Engineer,"communication, git, excel, scala, sql, java, agile, sales, devops, aws, leadership"
SE Account Executive,"sales, excel, communication, accounting, leadership, git, negotiation, rust, prospecting, collaboration, aws"
Senior .NET Developer (C# / TypeScript),"communication, git, excel, java, aws, sql, collaboration, agile, leadership, python, devops"
Senior Cloud Information Security Analyst,"risk management, excel, git, communication, monitoring, sql, rust, azure, leadership, aws, scala"
Senior Data Engineer,"sql, excel, scala, azure, aws, python, communication, git, java, agile, sales"
Senior DevOps Engineer,"devops, azure, aws, git, kubernetes, monitoring, terraform, excel, communication, docker, python"
"Senior Governance, Risk & Compliance Analyst","excel, risk management, communication, sql, rust, leadership, accounting, express, monitoring, collaboration, scala"
Senior Information Security Risk Auditor - Remote,"accounting, risk management, excel, communication, scala, rust, leadership, git, aws, monitoring, interpersonal"
Senior Infrastructure Engineer (REMOTE),"communication, excel, git, aws, leadership, monitoring, express, python, sql, collaboration, scala"
Senior Project Scheduler,"communication, excel, leadership, git, recruitment, collaboration, agile, python, rust, valuation, interpersonal"
Senior Solution Architect,"sales, azure, excel, communication, aws, git, leadership, scala, sql, agile, rust"
Senior Solutions Architect,"sales, excel, communication, git, leadership, aws, collaboration, rust, interpersonal, azure, project management"
Senior Sustaining Engineer - REMOTE,"communication, iot, excel, leadership, risk management, valuation, collaboration, sales, git, python, machine learning"
Service Desk Analyst,"communication, excel, sales, scala, sql, git, customer support, monitoring, collaboration, oracle, agile"
Shopify/Shopify Plus Full-Stack Developer,"java, sql, react, azure, excel, git, communication, aws, html, scala, angular"
Social Media Coordinator Manager Internship for Credit / National Beauty Brand,"risk management, sales, excel, communication, accounting, monitoring, aws, git, rust, interpersonal, leadership"
"Software Engineer (C#, Angular, Typescript) - Hybrid Role","java, sql, git, communication, aws, azure, docker, kubernetes, python, express, data modeling"
Software Engineer - Backend,"sql, java, git, excel, communication, react, agile, scala, aws, python, leadership"
Solution Delivery Associate,"iot, git, sql, azure, communication, aws, java, excel, sales, scala, python"
Solutions Engineer - Higher Ed (Central or East Coast),"sales, communication, excel, leadership, git, rust, interpersonal, collaboration, presentation skills, aws, project management"
Specialist Information Systems Architect,"azure, communication, git, sales, aws, excel, leadership, rust, scala, sql, monitoring"
Sr Machine Learning Operations Engineer,"machine learning, sql, python, aws, git, communication, excel, scala, java, agile, azure"
Sr Network Engineer,"communication, excel, scala, monitoring, sales, azure, git, aws, python, rust, collaboration"
Sr. Content Manager (Remote),"social media, git, communication, seo, digital marketing, excel, sales, collaboration, leadership, content marketing, project management"
Talent Acquisition & Onboarding Specialist,"recruitment, excel, communication, onboarding, social media, interpersonal, aws, collaboration, branding, negotiation, written communication"
Talent Acquisition Manager,"excel, communication, recruitment, onboarding, leadership, aws, employee relations, performance management, interpersonal, sales, git"
Technical Account Manager - CCaaS,"sales, excel, communication, leadership, git, collaboration, express, negotiation, interpersonal, rust, monitoring, sales, excel, communication, scala, git, leadership, rust, collaboration, project management, account management, onboarding"
Technical Customer Service Representative,"sales, communication, excel, git, collaboration, express, agile, leadership, scala, monitoring, interpersonal"
Telecommunications Specialist IV,"communication, git, excel, scala, sales, agile, leadership, iot, monitoring, azure, collaboration"
Telephone Support - Operations Specialist III,"excel, communication, sales, git, rust, scala, leadership, collaboration, monitoring, sql, recruitment"
Tester with Workday,"sql, sales, java, git, communication, excel, azure, aws, scala, agile, oracle"
Training Specialist,"communication, excel, sales, git, java, aws, leadership, sql, recruitment, python, interpersonal"
UX Content Writer (5045),"user experience, git, communication, excel, rust, collaboration, leadership, agile, express, prototyping, empathy"
Unreal Engine / C++ Engineer,"machine learning, git, sql, python, communication, excel, rust, java, scala, aws, azure, git, communication, excel, java, react, agile, sql, scala, python, html, user experience"
"VP & Senior Director, Strategy & Transformation - GRS Tech","git, leadership, sql, excel, sales, collaboration, communication, rust, agile, oracle, scala"
"VP, Consulting - Virtual","git, leadership, sql, sales, excel, communication, rust, agile, collaboration, oracle, python"
Value-Based Programs Analyst,"excel, communication, sales, sql, git, leadership, scala, rust, collaboration, aws, recruitment"
Verification Engineer,"communication, excel, leadership, git, express, sales, python, aws, monitoring, rust, project management"
Vice President of Information Technology,"leadership, communication, excel, git, rust, collaboration, agile, scala, aws, project management, risk management"
We Care Consulting Apprentice Work-Study Program,"communication, sales, excel, leadership, project management, git, rust, interpersonal, collaboration, valuation, recruitment"
Web Designer,"java, sql, git, html, communication, excel, react, scala, php, angular, collaboration"
Web Designer / UIUX Designer,"git, user experience, communication, excel, graphic design, collaboration, sketch, html, web design, illustrator, photoshop"
Web Tester (contract),"agile, excel, sql, communication, java, git, sales, collaboration, aws, scrum, oracle"
